bulan,sektor,wilayah,jumlah_umkm,total_penjualan_juta,rata_penjualan_juta,pertumbuhan_persen
Januari,Kuliner,Jawa,1250000,18750000,15.0,2.1
Januari,Fashion,Jawa,980000,12740000,13.0,1.8
Januari,Kerajinan,Jawa,430000,4730000,11.0,1.5
Januari,Kuliner,Sumatera,780000,9360000,12.0,1.9
Januari,Fashion,Sumatera,520000,5720000,11.0,1.6
Januari,Kerajinan,Sumatera,210000,1890000,9.0,1.2
Januari,Kuliner,Kalimantan,320000,3520000,11.0,1.7
Januari,Fashion,Kalimantan,180000,1620000,9.0,1.3
Januari,Kerajinan,Kalimantan,90000,720000,8.0,1.0
Januari,Kuliner,Sulawesi,290000,2900000,10.0,1.5
Januari,Fashion,Sulawesi,160000,1280000,8.0,1.1
Januari,Kerajinan,Sulawesi,75000,525000,7.0,0.9
Februari,Kuliner,Jawa,1260000,19530000,15.5,4.2
Februari,Fashion,Jawa,990000,13365000,13.5,4.9
Februari,Kerajinan,Jawa,435000,4872500,11.2,3.0
Februari,Kuliner,Sumatera,790000,9875000,12.5,5.5
Februari,Fashion,Sumatera,528000,6072000,11.5,6.1
Februari,Kerajinan,Sumatera,213000,1981900,9.3,4.8
Februari,Kuliner,Kalimantan,323000,3585300,11.1,1.9
Februari,Fashion,Kalimantan,182000,1674400,9.2,3.3
Februari,Kerajinan,Kalimantan,91000,746200,8.2,3.0
Februari,Kuliner,Sulawesi,293000,3076500,10.5,6.1
Februari,Fashion,Sulawesi,162000,1328400,8.2,3.8
Februari,Kerajinan,Sulawesi,76000,548700,7.2,4.5
Maret,Kuliner,Jawa,1275000,20952000,16.4,7.3
Maret,Fashion,Jawa,1005000,14270500,14.2,6.8
Maret,Kerajinan,Jawa,442000,5106800,11.6,4.8
Maret,Kuliner,Sumatera,800000,10560000,13.2,6.9
Maret,Fashion,Sumatera,537000,6535260,12.2,7.6
Maret,Kerajinan,Sumatera,218000,2115800,9.7,6.8
Maret,Kuliner,Kalimantan,328000,3771200,11.5,6.1
Maret,Fashion,Kalimantan,186000,1764900,9.5,5.3
Maret,Kerajinan,Kalimantan,93000,780120,8.4,4.8
Maret,Kuliner,Sulawesi,298000,3277100,11.0,7.7
Maret,Fashion,Sulawesi,166000,1411000,8.5,5.5
Maret,Kerajinan,Sulawesi,78000,585390,7.5,6.7
April,Kuliner,Jawa,1290000,22327200,17.3,6.6
April,Fashion,Jawa,1020000,15289800,15.0,7.2
April,Kerajinan,Jawa,450000,5422500,12.1,6.2
April,Kuliner,Sumatera,812000,11286480,13.9,6.9
April,Fashion,Sumatera,548000,7069800,12.9,8.2
April,Kerajinan,Sumatera,224000,2308672,10.3,9.1
April,Kuliner,Kalimantan,334000,4001620,12.0,6.1
April,Fashion,Kalimantan,190000,1866450,9.8,5.7
April,Kerajinan,Kalimantan,95000,812325,8.6,4.1
April,Kuliner,Sulawesi,304000,3457480,11.4,5.5
April,Fashion,Sulawesi,170000,1484650,8.7,5.2
April,Kerajinan,Sulawesi,80000,615660,7.7,5.2
Mei,Kuliner,Jawa,1310000,24950400,19.1,11.7
Mei,Fashion,Jawa,1045000,17893800,17.1,14.1
Mei,Kerajinan,Jawa,462000,6114900,13.2,12.8
Mei,Kuliner,Sumatera,828000,13042800,15.8,13.8
Mei,Fashion,Sumatera,563000,8340800,14.8,15.0
Mei,Kerajinan,Sumatera,232000,2670040,11.5,15.7
Mei,Kuliner,Kalimantan,342000,4525440,13.2,13.1
Mei,Fashion,Kalimantan,196000,2197920,11.2,17.7
Mei,Kerajinan,Kalimantan,98000,930768,9.5,14.6
Mei,Kuliner,Sulawesi,312000,3900000,12.5,12.8
Mei,Fashion,Sulawesi,176000,1743360,9.9,17.4
Mei,Kerajinan,Sulawesi,83000,715900,8.6,16.3
Juni,Kuliner,Jawa,1295000,22659500,17.5,-8.4
Juni,Fashion,Jawa,1030000,15346100,14.9,-12.8
Juni,Kerajinan,Jawa,456000,5497200,12.1,-8.3
Juni,Kuliner,Sumatera,820000,11398000,13.9,-12.6
Juni,Fashion,Sumatera,555000,7104000,12.8,-14.8
Juni,Kerajinan,Sumatera,228000,2372400,10.4,-11.1
Juni,Kuliner,Kalimantan,338000,3987720,11.8,-11.9
Juni,Fashion,Kalimantan,193000,1881260,9.7,-14.4
Juni,Kerajinan,Kalimantan,96000,844800,8.8,-9.3
Juni,Kuliner,Sulawesi,308000,3450960,11.2,-11.6
Juni,Fashion,Sulawesi,173000,1571390,9.1,-9.9
Juni,Kerajinan,Sulawesi,82000,656820,8.0,-8.3
Juli,Kuliner,Jawa,1300000,23270000,17.9,2.7
Juli,Fashion,Jawa,1035000,15732750,15.2,2.5
Juli,Kerajinan,Jawa,458000,5694100,12.4,3.6
Juli,Kuliner,Sumatera,825000,11865000,14.4,4.1
Juli,Fashion,Sumatera,558000,7364600,13.2,3.7
Juli,Kerajinan,Sumatera,230000,2461000,10.7,3.7
Juli,Kuliner,Kalimantan,340000,4101600,12.1,2.9
Juli,Fashion,Kalimantan,194000,1938860,10.0,3.1
Juli,Kerajinan,Kalimantan,97000,874730,9.0,3.5
Juli,Kuliner,Sulawesi,310000,3579500,11.5,3.7
Juli,Fashion,Sulawesi,174000,1614210,9.3,2.7
Juli,Kerajinan,Sulawesi,82500,665250,8.1,1.3
Agustus,Kuliner,Jawa,1308000,24007200,18.4,3.2
Agustus,Fashion,Jawa,1040000,16224000,15.6,3.1
Agustus,Kerajinan,Jawa,461000,5906820,12.8,3.7
Agustus,Kuliner,Sumatera,830000,12285600,14.8,3.5
Agustus,Fashion,Sumatera,562000,7671300,13.7,4.2
Agustus,Kerajinan,Sumatera,232000,2554400,11.0,3.8
Agustus,Kuliner,Kalimantan,343000,4261060,12.4,3.9
Agustus,Fashion,Kalimantan,196000,2009600,10.3,3.6
Agustus,Kerajinan,Kalimantan,98000,912380,9.3,4.3
Agustus,Kuliner,Sulawesi,313000,3699550,11.8,3.4
Agustus,Fashion,Sulawesi,176000,1671040,9.5,3.5
Agustus,Kerajinan,Sulawesi,83000,690350,8.3,3.7
September,Kuliner,Jawa,1315000,24780500,18.8,3.2
September,Fashion,Jawa,1045000,16720000,16.0,3.1
September,Kerajinan,Jawa,464000,6113280,13.2,3.5
September,Kuliner,Sumatera,835000,12776000,15.3,4.0
September,Fashion,Sumatera,566000,8036100,14.2,4.8
September,Kerajinan,Sumatera,235000,2656500,11.3,4.0
September,Kuliner,Kalimantan,346000,4434740,12.8,4.1
September,Fashion,Kalimantan,198000,2099580,10.6,4.5
September,Kerajinan,Kalimantan,99000,946440,9.6,3.7
September,Kuliner,Sulawesi,316000,3888120,12.3,5.1
September,Fashion,Sulawesi,178000,1734880,9.7,3.8
September,Kerajinan,Sulawesi,84000,722400,8.6,4.6
Oktober,Kuliner,Jawa,1323000,25824600,19.5,4.2
Oktober,Fashion,Jawa,1052000,17358000,16.5,3.8
Oktober,Kerajinan,Jawa,468000,6349920,13.6,3.9
Oktober,Kuliner,Sumatera,842000,13304060,15.8,4.1
Oktober,Fashion,Sumatera,572000,8436240,14.8,5.0
Oktober,Kerajinan,Sumatera,238000,2795500,11.7,5.3
Oktober,Kuliner,Kalimantan,350000,4690000,13.4,5.9
Oktober,Fashion,Kalimantan,201000,2231100,11.1,6.3
Oktober,Kerajinan,Kalimantan,101000,1000900,9.9,5.8
Oktober,Kuliner,Sulawesi,320000,4102400,12.8,5.5
Oktober,Fashion,Sulawesi,181000,1828310,10.1,5.4
Oktober,Kerajinan,Sulawesi,85500,762570,8.9,5.6
November,Kuliner,Jawa,1335000,28270500,21.2,8.7
November,Fashion,Jawa,1065000,20661000,19.4,17.6
November,Kerajinan,Jawa,475000,7267500,15.3,14.3
November,Kuliner,Sumatera,853000,15270700,17.9,14.8
November,Fashion,Sumatera,583000,10285090,17.6,22.0
November,Kerajinan,Sumatera,244000,3294600,13.5,17.9
November,Kuliner,Kalimantan,356000,5467480,15.4,16.6
November,Fashion,Kalimantan,207000,2940420,14.2,31.8
November,Kerajinan,Kalimantan,104000,1283920,12.3,28.3
November,Kuliner,Sulawesi,326000,4941100,15.2,20.4
November,Fashion,Sulawesi,187000,2477410,13.2,35.4
November,Kerajinan,Sulawesi,88000,1013200,11.5,32.8
Desember,Kuliner,Jawa,1348000,30890400,22.9,9.3
Desember,Fashion,Jawa,1078000,23281800,21.6,12.7
Desember,Kerajinan,Jawa,483000,8348850,17.3,14.9
Desember,Kuliner,Sumatera,865000,17300000,20.0,13.3
Desember,Fashion,Sumatera,596000,12069400,20.2,17.3
Desember,Kerajinan,Sumatera,251000,3891800,15.5,18.1
Desember,Kuliner,Kalimantan,362000,6261800,17.3,14.5
Desember,Fashion,Kalimantan,213000,3513900,16.5,19.5
Desember,Kerajinan,Kalimantan,107000,1594320,14.9,24.2
Desember,Kuliner,Sulawesi,333000,5861880,17.6,18.6
Desember,Fashion,Sulawesi,193000,3085120,16.0,24.5
Desember,Kerajinan,Sulawesi,91000,1266300,13.9,25.0
